<wpml-config>
    <custom-fields>
        <custom-field action="translate">portfolio_filter</custom-field>
        <custom-field action="copy">views</custom-field>
        <custom-field action="copy">pt_product_extra_gallery</custom-field>
        <custom-field action="copy">custom-badge-class</custom-field>
        <custom-field action="translate">custom-badge-text</custom-field>
    </custom-fields>
    <admin-texts>
        <key name="handystore-theme">
            <key name="top_panel_info" />
            <key name="site_copyright" />
            <key name="footer_shortcode_section_shortcode" />
            <key name="front_page_shortcode_section_shortcode" />
            <key name="blog_read_more_text" />
        </key>
    </admin-texts>
</wpml-config>
